,Performance,Ave_rank,metric,group,ave_metric
0,0.5205354372149501,2.0,1,0,1.0
1,0.4391764551026449,3.0,1,1,1.0
2,0.4828197062931307,2.6666666666666665,1,2,1.0
3,0.5059275202686663,2.3333333333333335,2,3,2.0
4,0.3562071871080222,5.0,3,4,3.0
