,Performance,Ave_rank,metric,group,ave_metric
0,0.4828197062931307,2.6666666666666665,0.08333333333333333,0,0.08333333333333333
1,0.5059275202686663,2.3333333333333335,0.41666666666666663,1,0.41666666666666663
2,0.3562071871080222,5.0,0.41666666666666663,2,0.41666666666666663
3,0.5205354372149501,2.0,0.4583333333333333,3,0.4583333333333333
4,0.4391764551026449,3.0,0.4583333333333333,4,0.4583333333333333
